Symbol,Name,PE Ratio,Dividend Yield,Earnings Growth
AAPL,Apple Inc.,0.08138189835258401,0.012901593726283835,0.0036343707635063016
MSFT,Microsoft Corporation,0.06297110970431054,0.017961042246395144,0.00418561571176299
GOOG,Alphabet Inc.,0.09194095876479372,0.0,0.004916335759452088
GOOGL,Alphabet Inc.,0.09275746310420055,0.0,0.004916335759452088
AMZN,"Amazon.com, Inc.",0.039044796514196456,0.0,0.16558821361382725
NVDA,NVIDIA Corporation,0.03562342738518732,0.0,0.02752058355046615
META,"Meta Platforms, Inc.",0.07133960835653325,0.00986592461421705,0.009537819569836644
TSLA,"Tesla, Inc.",0.052472439862217723,0.0,0.006695062191326865
BRK-A,Berkshire Hathaway Inc.,0.1849835461567627,0.0,0.0
HSBC,"HSBC Holdings, plc.",0.3109761118589783,0.20111307867442446,0.0
LLY,Eli Lilly and Company,0.01782449229041728,0.016696180116367317,0.0035382233888103685
TSM,Taiwan Semiconductor Manufactur,0.09141320797133173,0.039463700986592465,0.002503036654584146
UNH,UnitedHealth Group Incorporated,0.10377789018528231,0.03566911206678472,0.0036343707635063016
JPM,JP Morgan Chase & Co.,0.19414569744497878,0.05717176827725778,0.002640847891648318
V,Visa Inc.,0.07112746753240969,0.017961042246395144,0.003772182000570474
AVGO,Broadcom Inc.,0.05933151284003669,0.04047558816089046,0.009150025158563044
NVO,Novo Nordisk A/S,0.05126172728949952,0.02757399443460663,0.005143884546232464
SHEL,Shell PLC,0.19606277612827333,0.10827219833038197,7.050807477701827e-05
WMT,Walmart Inc.,0.025776569927557332,0.10700733620035416,0.0027241756163847945
XOM,Exxon Mobil Corporation,0.18887696335305623,0.0920819630660258,0.001900513106489627
MA,Mastercard Incorporated,0.05843780377115419,0.013660511004300529,0.0035574528637495545
JNJ,Johnson & Johnson,0.07455891289617121,0.07386794839362508,0.0034613054890536214
HD,"Home Depot, Inc. (The)",0.09343624371477019,0.06071338224133569,0.002653667541607776
PG,Procter & Gamble Company (The),0.08561986830251814,0.05868960283329117,0.002756224741283439
BHP,BHP Group Limited,0.11421820226897796,0.14697697950923347,0.0003781796738040067
ASML,ASML Holding N.V. - New York Re,0.05405695090493633,0.01745509638249431,0.0035414283013002327
COST,Costco Wholesale Corporation,0.04671676955014256,0.013407538578294964,0.0036536002384454885
ORCL,Oracle Corporation,0.07502053458036491,0.03566911206678472,0.0044452136234420115
CVX,Chevron Corporation,0.16401765236453605,0.10017708069820389,0.0010928751590437821
ABBV,AbbVie Inc.,0.03602990817529298,0.08752845939792561,0.0009774983094086613
MRK,"Merck & Company, Inc.",0.002587457818501911,0.05970149253731343,0.0
ADBE,Adobe Inc.,0.05016545796511021,0.0,0.004012550437310309
BAC,Bank of America Corporation,0.19937270389121375,0.07108524664811534,0.0011762028837802583
KO,Coca-Cola Company (The),0.09291349747343867,0.07968631419175308,0.0031055602026786653
CRM,"Salesforce, Inc.",0.021401853182958886,0.0,0.018992311414936815
NGG,"National Grid Transco, PLC Nati",0.14771009307593014,0.1338224133569441,0.002769044391242897
TM,Toyota Motor Corporation,0.20579140523811987,0.042499367568934986,0.0059547274061681746
PEP,"Pepsico, Inc.",0.08918939541202206,0.07487983809764735,0.007996256662211838
ACN,Accenture plc,0.06658605652168184,0.03415127751075133,0.0031408142400671745
AMD,"Advanced Micro Devices, Inc.",0.00716962758171788,0.0,0.1591783886340983
MCD,McDonald's Corporation,0.0894373211766437,0.05615987857323551,0.003387592501786738
NFLX,"Netflix, Inc.",0.04833715392195747,0.0,0.05520782255040525
NVS,Novartis AG,0.09092363313885543,0.09157601821401466,0.01910448335208207
PDD,PDD Holdings Inc.,0.07960569837144234,0.0,0.004531746260668352
CSCO,"Cisco Systems, Inc.",0.15109785059223785,0.08221603845180873,0.0030222324779421894
TMO,Thermo Fisher Scientific Inc,0.06386225785795507,0.0065772830761447,0.003294650039580669
LIN,Linde plc,0.0654798031314998,0.028332911712623324,0.003708083750773185
INTC,Intel Corporation,0.02207938757800115,0.028838856564634453,0.0
BABA,Alibaba Group Holding Limited,0.15841446877489843,0.03288641791044776,0.0009294246220606943
SAP,SAP  SE,0.04214858815986029,0.032127496837844674,0.006935430628066699
ABT,Abbott Laboratories,0.06362370346135643,0.0460409815330129,0.0048842866345534435
NKE,"Nike, Inc.",0.07532607487539753,0.0349101935239059,0.003801026212979254
WFC,Wells Fargo & Company,0.19710594208493543,0.0652668833797116,0.003602321638607657
TMUS,"T-Mobile US, Inc.",0.09704418719280684,0.019478879332152796,0.004435598885972418
CMCSA,Comcast Corporation,0.19481864884586958,0.07437389324563622,0.0035830921636684702
TBC,AT&T Inc. 5.625% Global Notes d,0.0,0.0,0.0
TTE,TotalEnergies SE,0.2837549107883326,0.12522135087275485,0.005326564558154739
DIS,Walt Disney Company (The),0.03569489386892279,0.02074373893245636,0.004679172235202117
INTU,Intuit Inc.,0.03491166228654419,0.013407538578294964,0.002528675954503062
DHR,Danaher Corporation,0.05223911015465716,0.01037186946622818,0.0014774646578275179
TBB,AT&T Inc. 5.350% Global Notes d,0.42343632265193376,0.0,0.0
HDB,HDFC Bank Limited,0.14422056543121506,0.032127496837844674,0.0031183798526381234
BA,Boeing Company (The),0.0,0.0,0.0
QCOM,QUALCOMM Incorporated,0.10383087024241434,0.0518593473311409,0.003906788325144781
VZ,Verizon Communications Inc.,0.1517258577595641,0.1649380217556286,0.0
LYG,Lloyds Banking Group Plc,0.3447437206656921,0.13786997217303312,0.006518792004384319
FMX,Fomento Economico Mexicano S.A.,0.02236322810624006,0.043511257272957245,0.0028203229910807284
TXN,Texas Instruments Incorporated,0.09916307280518442,0.07993928661775866,0.0021537011931889198
PFE,"Pfizer, Inc.",0.031502769673203035,0.15254238047052868,0.0
MS,Morgan Stanley,0.13524930067465923,0.09891222362762458,0.0020575538184929854
RYAAY,Ryanair Holdings plc,0.15305532088387655,0.016696180116367317,0.00015063088702362958
IBM,International Business Machines,0.1006847479484277,0.09005818365798127,0.0037529525256312876
UNP,Union Pacific Corporation,0.09369916168991534,0.05059448520111307,0.0031600437150063614
AMGN,Amgen Inc.,0.09916239948110628,0.0781684796357197,0.0014422106204390087
PM,Philip Morris International Inc,0.12448964200092272,0.14318238552997722,0.0028491672034895083
CAT,"Caterpillar, Inc.",0.14001770783763276,0.04022261573488489,0.0059835716185769544
NOW,"ServiceNow, Inc.",0.02581382257404281,0.0,0.006092538643232346
UPS,"United Parcel Service, Inc.",0.11942390494840023,0.11054894510498355,0.0014325958829694153
RY,Royal Bank Of Canada,0.17506181825411365,0.10447761699974702,0.0032978549520705333
SPGI,S&P Global Inc.,0.04419902876474353,0.0204907665064508,0.004297787648908246
COP,ConocoPhillips,0.17978855608886868,0.05565393372122439,0.0030254373904320536
AMAT,"Applied Materials, Inc.",0.0989887372730938,0.015937262079433342,0.0037401328756718295
GE,General Electric Company,0.11834247816304003,0.004806476094105742,0.0023780450674794323
HON,Honeywell International Inc.,0.09701661148946841,0.053883126739185425,0.003980501312411664
AXP,American Express Company,0.11881950234713323,0.02782696686061219,0.003964476749962342
LOW,"Lowe's Companies, Inc.",0.12725684871277304,0.04730584366304073,0.03978898856166732
SCHW,Charles Schwab Corporation (The,0.09082496905583905,0.038704781178851504,0.0015928415074626385
UBER,"Uber Technologies, Inc.",0.026352645917938372,0.0,0.007188618714765992
NEE,"NextEra Energy, Inc.",0.14279930402783533,0.0913230457880091,0.0023716352424997035
GS,"Goldman Sachs Group, Inc. (The)",0.13238714065901233,0.07057930432582847,0.00519836805856016
PLD,"Prologis, Inc.",0.057727123565279925,0.07235011636731595,0.0033491335519083647
BLK,"BlackRock, Inc.",0.1029167620788616,0.06299013407538577,0.0034516907515840275
BKNG,Booking Holdings Inc. Common St,0.07763405061674532,0.0,0.0005480400357668231
SNY,Sanofi,0.1092073066971035,0.09815330129015935,0.0
UL,Unilever PLC,0.12416845954563603,0.09233493549203137,0.0019133327564490848
T,AT&T Inc.,0.2513730386848418,0.1667088287376676,0.0
RIO,Rio Tinto Plc,0.2045131516927617,0.16620288388565646,0.0044996971357697075
SONY,Sony Group Corporation,0.1188468421743678,0.015178345560333923,0.0035574528637495545
BCS,Barclays PLC,0.3303533379310345,0.10270679989881101,0.0
RTX,RTX Corporation,0.05790316220001012,0.06577282570199847,0.0034132318017056538
ISRG,"Intuitive Surgical, Inc.",0.030514592734325018,0.0,0.005868194768941833
TD,Toronto Dominion Bank (The),0.15388614838675896,0.1269921578547938,0.0012338913085978187
DE,Deere & Company,0.2059668034784188,0.04022261573488489,0.0029645440531246288
SYK,Stryker Corporation,0.05432683123318096,0.022261573488489752,0.006413029892218792
ELV,"Elevance Health, Inc.",0.11208601488510733,0.03162155325069567,0.0031600437150063614
SBUX,Starbucks Corporation,0.09015228191379142,0.059954464963319,0.003813845862938712
MDT,Medtronic plc.,0.08494083535581298,0.08095117632178091,0.0033715679393374162
LMT,Lockheed Martin Corporation,0.14385930886002155,0.07336200354161396,0.003198502664884735
BUD,Anheuser-Busch Inbev SA Sponsor,0.11066886957503741,0.03238046799898811,0.0032017075773745993
VRTX,Vertex Pharmaceuticals Incorpor,0.07492659885175991,0.0,0.003701673925793456
MUFG,"Mitsubishi UFJ Financial Group,",0.24487625734839896,0.06273716164938022,0.010806964915822972
BMY,Bristol-Myers Squibb Company,0.1665154532093202,0.11712623324057676,0.0028363475535300507
LRCX,Lam Research Corporation,0.06502032124532182,0.021249683784467493,0.0020639636434727146
TJX,"TJX Companies, Inc. (The)",0.08237969795530947,0.033392361497596765,0.003544633213790097
UBS,UBS Group AG Registered,0.5724496566800716,0.06273716164938022,0.0
AZN,Astrazeneca PLC,0.06718761299921985,0.05514798886921325,0.003310674602029991
GILD,"Gilead Sciences, Inc.",0.1380881220522261,0.10548950164432075,0.0027273805288746586
ADI,"Analog Devices, Inc.",0.06865060465436243,0.048570705793068554,0.0015031039577464336
AMT,American Tower Corporation (REI,0.018767135196957187,0.09005818365798127,0.0021569061056787844
BP,BP p.l.c.,0.3043317941784035,0.12142676448267137,3.525403738850914e-05
SHOP,Shopify Inc.,0.003137361573872758,0.0,0.0
PBR,Petroleo Brasileiro S.A.- Petro,0.45938797479856747,0.42727042752339994,0.0017691116944051843
PANW,"Palo Alto Networks, Inc.",0.05362016449526266,0.0,0.06260476057701243
EQNR,Equinor ASA,0.3230128072829676,0.11990892992663799,0.0010383916467160861
ADP,"Automatic Data Processing, Inc.",0.07788230176952811,0.054895016443207684,0.003416436714195519
MDLZ,"Mondelez International, Inc.",0.11172838377370599,0.05767771312926891,0.005265671220847314
CVS,CVS Health Corporation,0.18520436930315504,0.08676954211990892,0.0027850689536922193
C,"Citigroup, Inc.",0.1613481554237857,0.09435871490007587,0.0
ABNB,"Airbnb, Inc.",0.10858730736393851,0.0,0.0
ETN,"Eaton Corporation, PLC",0.06548933009422428,0.03010371869466228,0.004099083074536649
REGN,"Regeneron Pharmaceuticals, Inc.",0.08205834509815263,0.0,0.0030286423029219182
MMC,"Marsh & McLennan Companies, Inc",0.08550956838131131,0.03465722236276245,0.005182343496110838
BX,Blackstone Inc.,0.03471377095327937,0.06729066784720465,0.0007723839100573358
ZTS,Zoetis Inc.,0.060030469628698443,0.021755628636478626,0.0036471904134657597
CB,Chubb Limited,0.1880220775409764,0.033392361497596765,0.008111633511846957
PGR,Progressive Corporation (The),0.07964173316164416,0.014672400708322791,0.007685380150694984
MU,"Micron Technology, Inc.",0.0,0.012901593726283835,0.0
IBN,ICICI Bank Limited,0.1274063188714485,0.018466987098406273,0.003932427625063697
CI,The Cigna Group,0.11731481390774152,0.04072856058689602,0.002839552466019915
SNPS,"Synopsys, Inc.",0.03703048945469951,0.0,0.005207982796029754
BSX,Boston Scientific Corporation,0.037648247946765405,0.0,0.012274814836180897
MELI,"MercadoLibre, Inc.",0.028167626105389136,0.0,0.0031344044150874457
DEO,Diageo plc,0.12251374855301947,0.06602580824690107,0.0025703398168713002
FI,"Fiserv, Inc.",0.07658538698926139,0.0,0.003695264100813727
KLAC,KLA Corporation,0.06862909984551831,0.021502656210473058,0.001906922931469356
SHW,Sherwin-Williams Company (The),0.06680462652099338,0.022008601062484187,0.002913265453286798
INFY,Infosys Limited,0.08167596884812162,0.05337718441689855,0.002903650715817204
CNI,Canadian National Railway Compa,0.10990822096903057,0.047811788515051856,0.004922745584431816
ITW,Illinois Tool Works Inc.,0.08635570016948357,0.053883126739185425,0.002503036654584146
SO,Southern Company (The),0.12158354965679295,0.10422463951429292,0.0
EQIX,"Equinix, Inc.",0.02769074500868392,0.04831773083733873,0.005464375795218911
ENB,Enbridge Inc,0.13691628787945914,0.1970655097394384,0.0
DUK,Duke Energy Corporation (Holdin,0.13064417099272288,0.11130786744244876,0.0
CME,CME Group Inc.,0.09345397703346714,0.0994181634201872,0.00400614061233058
SLB,Schlumberger N.V.,0.13473090403176488,0.05641285099924108,0.0032561910897022954
KKR,KKR & Co. Inc.,0.06659700437985676,0.01694915254237288,0.03771861509321488
CDNS,"Cadence Design Systems, Inc.",0.029767807759354045,0.0,0.004246509049070414
MO,"Altria Group, Inc.",0.23950617000000005,0.24057677713129266,0.0023940696299287545
STLA,Stellantis N.V.,0.46752414958669597,0.15810776625347836,0.0027466100038138455
GSK,GSK plc,0.16087023922836938,0.08727548697192006,0.00047432704849994074
ANET,"Arista Networks, Inc.",0.05746610654771866,0.0,0.004461238185891334
ARM,Arm Holdings plc,0.0014361035526907512,0.0,0.001362087808192397
HCA,"HCA Healthcare, Inc.",0.13596419834139306,0.02074373893245636,0.0025254710420131977
RELX,RELX PLC PLC,0.06246161643473793,0.04148747786491273,0.003291445127090804
WDAY,"Workday, Inc.",0.0018777433947471582,0.0,0.0
VALE,VALE S.A.,0.2864681551304109,0.23728813559322032,0.0011249242839424269
MCO,Moody's Corporation,0.052917120887871184,0.021755628636478626,0.0043458613362562125
FDX,FedEx Corporation,0.15520566813346826,0.0518593473311409,0.002695331403976014
CP,Canadian Pacific Kansas City Li,0.08336225238655282,0.015937262079433342,0.002503036654584146
ICE,Intercontinental Exchange Inc.,0.07038864079450655,0.03238046799898811,0.0026504626291179115
WM,"Waste Management, Inc.",0.06343197780261083,0.033645332658740194,0.0031536338900266326
USB,U.S. Bancorp,0.17548401934949057,0.11940298001517832,0.002666487191567234
EOG,"EOG Resources, Inc.",0.24936571637697086,0.08171009359979761,0.002743405091323981
NOC,Northrop Grumman Corporation,0.06817657716968432,0.04047558816089046,0.0
GD,General Dynamics Corporation,0.10074060312076674,0.04831773083733873,0.00316645353998609
BDX,"Becton, Dickinson and Company",0.041676522025657185,0.03845180875284594,0.0017274478320369459
RACE,Ferrari N.V.,0.04235294111405843,0.015684290412345054,0.004217664836661634
RTO,Rentokil Initial plc,0.06466330334356284,0.044523146976979504,0.00343887110162457
CNQ,Canadian Natural Resources Limi,0.16395174589735872,0.11535542625853781,0.0026568724540976404
CSX,CSX Corporation,0.11027535899575118,0.031115608398684547,0.00287160159091856
SAN,"Banco Santander, S.A. Sponsored",0.34927982397333707,0.0913230457880091,0.004438803798462282
BMO,Bank Of Montreal,0.10171703703313614,0.11965595750063242,0.0009326295345505588
NTES,"NetEase, Inc.",0.11958554565054359,0.04047558816089046,0.0037209034007326426
PYPL,"PayPal Holdings, Inc.",0.14598471314285716,0.0,0.005092605946394633
TRI,Thomson Reuters Corp,0.08296609341055576,0.03389830508474576,0.010182006980299401
SNOW,Snowflake Inc.,0.0,0.0,0.0
MAR,Marriott International,0.0931809559839677,0.0204907665064508,0.004256123786540007
ITUB,Itau Unibanco Banco Holding SA,0.2162871203931466,0.06855552744750822,0.003736927963181965
SMFG,Sumitomo Mitsui Financial Group,0.17092872712620405,0.08272197824437136,0.1215815602154983
TGT,Target Corporation,0.118001843244773,0.07285606121932708,0.004288172911438653
SCCO,Southern Copper Corporation,0.08829979999781008,0.09815330129015935,0.0014966941327667046
CL,Colgate-Palmolive Company,0.07452618437259469,0.05590690614722995,0.466350021312668
CRWD,"CrowdStrike Holdings, Inc.",0.0,0.0,0.0
CMG,"Chipotle Mexican Grill, Inc.",0.03956793751367599,0.0,0.0039965258748609865
AON,Aon plc,0.09146587686993732,0.019225904376422968,0.0024325285798071283
PNC,"PNC Financial Services Group, I",0.19276848658502727,0.10599544649633189,0.0016345053698308767
APD,"Air Products and Chemicals, Inc",0.10289588828311957,0.07589172527194535,0.003320289339499585
NXPI,NXP Semiconductors N.V.,0.10269347982234445,0.042499367568934986,0.0030254373904320536
BN,Brookfield Corporation,0.034901759542543716,0.019225904376422968,0.0
FCX,"Freeport-McMoRan, Inc.",0.07618486520874751,0.03845180875284594,0.0016921937946484372
LULU,lululemon athletica inc.,0.04052018284536391,0.0,0.0030574865153306986
APH,Amphenol Corporation,0.06735975680238676,0.020237794080445234,0.0031568388025164968
AMX,"America Movil, S.A.B. de C.V.",0.16461701652093683,0.06956741715153048,0.004313812211357569
BTI,British American Tobacco  Indus,0.0,0.2461421705034151,0.0
TEAM,Atlassian Corporation,0.0,0.0,0.0
MMM,3M Company,0.0,0.16443207690361747,0.005506039657587149
MCK,McKesson Corporation,0.09832236803753938,0.011636731090311155,0.0017659067819153194
PH,Parker-Hannifin Corporation,0.08788698633856763,0.02757399443460663,0.005429121757830402
ROP,"Roper Technologies, Inc.",0.05360948632914974,0.0131545661522894,0.0005576547732364165
E,ENI S.p.A.,0.2145148470902326,0.16114343536554512,0.0008749411097329987
MNST,Monster Beverage Corporation,0.06243951279142794,0.0,0.0045093118732393005
PSX,Phillips 66,0.22803096761662844,0.07184416898558056,0.0022242092679659376
EPD,Enterprise Products Partners L.,0.19985283033132076,0.18264608145712113,0.0034613054890536214
CTAS,Cintas Corporation,0.0510926767414421,0.020996711358461928,0.0036247560260367086
HUM,Humana Inc.,0.12509789245514616,0.024285352896534277,0.0
MPC,Marathon Petroleum Corporation,0.2929818644616405,0.048823678219074115,0.0016505299322801985
ORLY,"O'Reilly Automotive, Inc.",0.08411427179075971,0.0,0.0034677153140333502
BNS,Bank Nova Scotia Halifax Pfd 3,0.1980496293797196,0.1669617910447761,0.0019838408312261033
CHTR,"Charter Communications, Inc.",0.21811623100855349,0.0,0.0028683966784286952
ECL,Ecolab Inc.,0.05040681566776051,0.025550212496837844,0.0
ING,"ING Group, N.V.",0.27058476493370537,0.1482418416392613,0.00047432704849994074
TT,Trane Technologies plc,0.07316184455472712,0.02959777384265115,0.0036375756759961667
PFH,"Prudential Financial, Inc. 4.12",0.0,0.0,0.0
EMR,Emerson Electric Company,0.07470874866194466,0.04958259549709082,0.00011858176212498492
TDG,Transdigm Group Incorporated,0.04604495024870362,0.0,0.004608664160425099
BBVA,Banco Bilbao Vizcaya Argentaria,0.2919302798253339,0.11206677713129268,0.004192025536742719
APO,"Apollo Global Management, Inc. ",0.1693095261759923,0.03845180875284594,0.015079113264812304
HMC,"Honda Motor Company, Ltd.",0.2297131316564739,0.07159119150012647,0.0033811826768070092
PXD,Pioneer Natural Resources Compa,0.19146845728364825,0.11864406779661016,0.0027402001788341167
NSC,Norfolk Southern Corporation,0.07220386941270253,0.05236529218315203,0.002092807855881495
ADSK,"Autodesk, Inc.",0.038842795094451654,0.0,0.003861919550286679
OXY,Occidental Petroleum Corporatio,0.14613173335715313,0.03668100177080698,0.001906922931469356
MSI,"Motorola Solutions, Inc.",0.0699771082872967,0.02959777384265115,0.00316645353998609
MRVL,"Marvell Technology, Inc.",0.0,0.008601062990134075,0.0
EL,"Estee Lauder Companies, Inc. (T",0.020423251126592552,0.04401720212496838,0.0024741924421753663
PCG,Pacific Gas & Electric Co.,0.13909371887531544,0.002529724007083228,0.005659875457100644
PSA,Public Storage,0.08946162150483944,0.10599544649633189,0.0033619532018678224
RSG,"Republic Services, Inc.",0.06499693613150374,0.028838856564634453,0.003611936376077251
DELL,Dell Technologies Inc.,0.09201972129692598,0.0409815330129016,0.01312411664599498
WPP,WPP plc,0.032745983507797484,0.13609916519099416,0.0
AESC,The AES Corporation Corporate,0.0,0.0,0.0016537348447700634
PCAR,PACCAR Inc.,0.17551231053402883,0.024032380470528712,0.004813778559776425
DHI,"D.R. Horton, Inc.",0.20779756995027823,0.020237794080445234,0.003192092839905006
MCHP,Microchip Technology Incorporat,0.11766373592437762,0.05084745509739438,0.002288307517763227
COF,Capital One Financial Corporati,0.19408004659745928,0.04427017455097394,0.0016857839696687081
MET,"MetLife, Inc.",0.060937045130670345,0.07538578294965848,0.0011762028837802583
TFC,Truist Financial Corporation,0.0,0.14874778649127243,0.0
CCI,Crown Castle Inc.,0.0738913345930633,0.1452061801163673,0.002717765791405065
GM,General Motors Company,0.37341539529405826,0.03010371869466228,0.0035542479512596903
WELL,Welltower Inc.,0.017562087897342087,0.06551985580571716,0.0
F,Ford Motor Company,0.19566313019775522,0.12446243359473816,0.0
AJG,Arthur J. Gallagher & Co.,0.04234883054904755,0.024285352896534277,0.0
CARR,Carrier Global Corporation,0.06784147032330798,0.0349101935239059,0.004986843834229106
CRH,CRH PLC,0.11113640191827162,0.04199342271692385,0.0017691116944051843
DXCM,"DexCom, Inc.",0.026485030482434245,0.0,0.008922476371782668
SRE,DBA Sempra,0.13562285044027594,0.08322792309638248,0.004663147672752796
BSBR,Banco Santander Brasil SA,0.09742623600200039,0.14647103465722233,0.0021825454055977
SPG,"Simon Property Group, Inc.",0.10625774092102017,0.1307867442448773,0.0034773300515029432
AFL,AFLAC Incorporated,0.21128902747445283,0.06248418922337464,0.00451572169821903
CPRT,"Copart, Inc.",0.06352948806366047,0.0,0.0033843875892968743
EW,Edwards Lifesciences Corporatio,0.061179939821436324,0.0,0.002926085103246256
AZO,"AutoZone, Inc.",0.11383221070098828,0.0,0.003717698488242778
AIG,"American International Group, I",0.15632250819693,0.05059448520111307,0.00042625336115197375
PAYX,"Paychex, Inc.",0.0834580915448608,0.07184416898558056,0.0034132318017056538
STM,STMicroelectronics N.V.,0.21706920259802034,0.0131545661522894,0.0026921264914861495
SQ,"Block, Inc.",0.0006068055991892578,0.0,0.0
HLT,Hilton Worldwide Holdings Inc.,0.04976334864841448,0.006830255502150265,0.0014390057079491441
ABEV,Ambev S.A.,0.16547699258875626,0.14874778649127243,0.003951657100002884
ROST,"Ross Stores, Inc.",0.07870874773763367,0.02251454591449532,0.0041792058867832615
IDXX,"IDEXX Laboratories, Inc.",0.04121247842466185,0.0,0.0035093791764015878
KHC,The Kraft Heinz Company,0.1442281646442224,0.1118138122944599,0.0026344380666685893
KDP,Keurig Dr Pepper Inc.,0.11696110642844658,0.07159119150012647,0.004897106284512901
HES,Hess Corporation,0.07001189499222933,0.02909182899064002,0.002586364379320622
FTNT,"Fortinet, Inc.",0.050604778075135116,0.0,0.0031792731899455483
TEL,TE Connectivity Ltd. New Switze,0.1640047475925819,0.04123450543890716,0.014713753240967754
VLO,Valero Energy Corporation,0.3584680997727371,0.07589172527194535,0.0012915797334153792
STZ,"Constellation Brands, Inc.",0.08078395520198169,0.035922087022514544,0.0038587146377968146
AEP,American Electric Power Company,0.12029108688609808,0.10751328105236528,0.0043266318613170264
ET,Energy Transfer LP,0.16336779315919253,0.21350872754869715,0.0033811826768070092
JD,"JD.com, Inc.",0.19260018590465117,0.06501391095370604,0.004416369411033232
ODFL,"Old Dominion Freight Line, Inc.",0.05983675704024395,0.011383759170250442,0.0031472240650469037
MFG,"Mizuho Financial Group, Inc. Sp",0.20156459751700695,0.08727548697192006,0.0033843875892968743
TAK,Takeda Pharmaceutical Company L,0.05911760546049948,0.10979003288641537,0.002733790353854388
NUE,Nucor Corporation,0.20716973043630726,0.028332911712623324,0.0019870457437159675
LEN,Lennar Corporation,0.19466972267228563,0.032127496837844674,0.0033074696895401268
CM,Canadian Imperial Bank of Comme,0.18064367982890359,0.14368832785226407,0.003801026212979254
WMB,"Williams Companies, Inc. (The)",0.170621100014693,0.13711105489501643,0.005454761057749317
MSCI,MSCI Inc.,0.05908005474199579,0.02782696686061219,0.006012415830985734
TRV,"The Travelers Companies, Inc.",0.13104957830754735,0.04528206172527194,0.006429054454668116
O,Realty Income Corporation,0.055678556146006856,0.14647103465722233,0.0026087987667496736
IQV,"IQVIA Holdings, Inc.",0.06859163437310609,0.0,0.00672711131622551
GWW,"W.W. Grainger, Inc.",0.08724149181511939,0.019225904376422968,0.0032690107396617534
D,"Dominion Energy, Inc.",0.11799270464235881,0.14065266885909436,0.0
LNG,"Cheniere Energy, Inc.",0.4915391665044493,0.02732102200860106,0.0010832604215741887
DASH,"DoorDash, Inc.",0.0,0.0,0.0
ADM,Archer-Daniels-Midland Company,0.28397911722355973,0.09410574247407032,0.0025799545543408933
KMB,Kimberly-Clark Corporation,0.09837029469420319,0.10093599797622058,0.003144019152557039
TRP,TC Energy Corporation,0.11688817910770595,0.17986339488995698,0.0
DDOG,"Datadog, Inc.",0.0025862603034712012,0.0,0.0
COR,"Cencora, Inc.",0.0892134980456415,0.021249683784467493,0.004015755349800173
KVUE,Kenvue Inc.,0.107348383502731,0.10498355679230963,0.0
SU,Suncor Energy  Inc.,0.2915511387000246,0.11965595750063242,0.0033523384643982294
DLR,"Digital Realty Trust, Inc.",0.051016650447197893,0.08904629395395901,0.0
A,"Agilent Technologies, Inc.",0.07366986563024192,0.01745509638249431,0.004124722374455565
BIDU,"Baidu, Inc.",0.12147827697216172,0.0,0.0
BK,The Bank of New York Mellon Cor,0.16063458752515095,0.07589172527194535,0.0016216857198714189
CNC,Centene Corporation,0.13919871380214718,0.0,0.0
PLTR,Palantir Technologies Inc.,0.0093475963441107,0.0,0.008451354235772592
OKE,"ONEOK, Inc.",0.16616675927594235,0.13685808246901088,0.003220937052313786
LHX,"L3Harris Technologies, Inc.",0.06972222739748041,0.05413609916519099,0.0011441537588816135
KMI,"Kinder Morgan, Inc.",0.13865457352051855,0.1651909941816342,0.00277865912871249
URI,"United Rentals, Inc.",0.1218407532016585,0.024538325322539845,0.0034356661891347057
FERG,Ferguson plc,0.09762660152415861,0.037945863900834806,0.0027818640412023547
WDS,Woodside Energy Group Limited,0.38031416602491297,0.28636479888692135,0.0019453818813477295
MFC,Manulife Financial Corporation,0.17707393707361033,0.12218567670123956,0.006201505667887738
AMP,"Ameriprise Financial, Inc.",0.13170309991966045,0.03313939033645333,0.0018780787190605759
CTSH,Cognizant Technology Solutions ,0.11999535562300286,0.037439919048823676,0.0034645104015434856
DOW,Dow Inc.,0.03432879791601615,0.12522135087275485,0.0
CEG,Constellation Energy Corporatio,0.08964274897547903,0.02074373893245636,0.0
GIS,"General Mills, Inc.",0.14177883036721312,0.09081710093599797,0.0031536338900266326
ALC,Alcon Inc.,0.026917453321618084,0.006830255502150265,0.005631031244691864
BBD,Banco Bradesco Sa,0.2048407978989264,0.10877814318239311,0.007967412449803056
AME,"AMETEK, Inc.",0.0738565314474243,0.015431317986339487,0.003483739876482672
PRU,"Prudential Financial, Inc.",0.14060374927410418,0.1211737920566658,0.0
WCN,"Waste Connections, Inc.",0.04068104359424594,0.016443208449279028,0.002009480131145019
EA,Electronic Arts Inc.,0.06471814581965596,0.012901593726283835,0.004615073985404828
HSY,The Hershey Company,0.10683807632360158,0.07108524664811534,0.0027530198287935743
SPOT,Spotify Technology S.A.,0.0,0.0,0.0
SYY,Sysco Corporation,0.1153668878394439,0.06197824437136352,0.009364754295383963
OTIS,Otis Worldwide Corporation,0.08378144289896054,0.03617505818365798,0.0034805349639928083
HLN,Haleon plc,0.09306525505401261,0.027068049582595496,0.0032850353021110753
ON,ON Semiconductor Corporation,0.1444480892271762,0.0,0.0029549293156550358
TTD,"The Trade Desk, Inc.",0.010540614405607624,0.0,0.004294582736418381
FAST,Fastenal Company,0.0652024870283062,0.05413609916519099,0.003390797414276603
LVS,Las Vegas Sands Corp.,0.0680053011535049,0.02732102200860106,0.0
LI,Li Auto Inc.,0.015725498695572302,0.0,0.0
ALL,Allstate Corporation (The),0.0,0.05793068555527447,0.0
YUM,"Yum! Brands, Inc.",0.0930331104661845,0.048570705793068554,0.003900378500165053
MPLX,MPLX LP,0.20936818505537802,0.2162914242347584,0.004458033273401469
BIIB,Biogen Inc.,0.0825311972811099,0.0,0.001362087808192397
ARES,Ares Management Corporation,0.04297594489287208,0.06172527447508221,0.00453815608564808
CSGP,"CoStar Group, Inc.",0.02570828195387356,0.0,0.00239086471743889
JCI,Johnson Controls International ,0.10539368543950478,0.0634960789273969,0.010274949442505473
COIN,"Coinbase Global, Inc.",0.005327158866709624,0.0,0.0
EXC,Exelon Corporation,0.14568349406563388,0.10599544649633189,0.00453815608564808
BCE,"BCE, Inc.",0.10301996428159729,0.1983303921072603,0.002233824005435531
FIS,Fidelity National Information S,0.0,0.08145712117379204,0.0
PPG,"PPG Industries, Inc.",0.08573787082016275,0.044523146976979504,0.00113453902141202
ROK,"Rockwell Automation, Inc.",0.08633744266142894,0.044523146976979504,0.0017178330945673529
IT,"Gartner, Inc.",0.05635558635359338,0.0,0.0025607250794017064
CMI,Cummins Inc.,0.045832966392001274,0.06400202377940803,0.0
GEHC,GE HealthCare Technologies Inc.,0.07904665457597547,0.002782696686061219,0.0022274141804558023
VRSK,"Verisk Analytics, Inc.",0.04990510356657066,0.015684290412345054,0.010008941705846722
XEL,Xcel Energy Inc.,0.1229316929039085,0.09284088034404249,0.0033395188144387717
BKR,Baker Hughes Company,0.14385433187090205,0.07057930432582847,0.007499495226282845
GPN,Global Payments Inc.,0.06597049798207093,0.018466987098406273,0.004704811535121033
ZS,"Zscaler, Inc.",0.0,0.0,0.0
CTVA,"Corteva, Inc.",0.05540178211028859,0.02909182899064002,0.0
MRNA,"Moderna, Inc.",0.0,0.0,0.00039420423625332907
NEM,Newmont Corporation,0.0,0.08044523146976978,0.0
EXR,Extra Space Storage Inc,0.08716805385864292,0.11662028838856564,0.0017883411693443711
VICI,VICI Properties Inc.,0.18191274155414952,0.13913483430306095,0.003579887251178606
GFS,GlobalFoundries Inc.,0.07971922314802869,0.0,0.0012531207835370054
HAL,Halliburton Company,0.18341411642736274,0.04831773083733873,0.003163248627496226
BBDO,Banco Bradesco Sa,0.22319571877840258,0.10776625347837084,0.007967412449803056
KR,Kroger Company (The),0.1212152132054879,0.06046040981533012,0.00029485194906753056
NDAQ,"Nasdaq, Inc.",0.08482424603370095,0.038704781178851504,0.002265873130334176
DD,"DuPont de Nemours, Inc.",0.03674337934345031,0.05438907159119656,0.0
RCL,Royal Caribbean Cruises Ltd.,0.11786647298021317,0.0,0.0
IMO,Imperial Oil Limited,0.2221894981754491,0.07285606121932708,0.0026857166665064207
PWR,"Quanta Services, Inc.",0.04992629755052469,0.00328864153807235,0.004022165174779902
ED,"Consolidated Edison, Inc.",0.1815051061489542,0.09511763217809258,0.005752817919306713
LYB,LyondellBasell Industries NV,0.14676123157136972,0.1269921578547938,0.001596046419952503
GOLD,Barrick Gold Corporation,0.11154233649141372,0.06804958259549708,0.0
PEG,Public Service Enterprise Group,0.20247583952710982,0.0994181634201872,0.0038490999003272216
HBANM,Huntington Bancshares Incorpora,0.07946767452750385,0.15861371110548947,0.001051211296675544
CVE,Cenovus Energy Inc,0.19594824645154643,0.05868960283329117,0.0030414619528813763
ORAN,Orange,0.17473884875673415,0.1616493802175563,0.0061117681181715325
CPNG,"Coupang, Inc.",0.03454415780599393,0.0,0.003121584765127988
HPQ,HP Inc.,0.24002154425983474,0.09486465975208701,0.0
PUK,Prudential Public Limited Compa,0.25487986049757655,0.04553503668100177,0.0
DKNG,DraftKings Inc.,0.0,0.0,0.0
MPWR,"Monolithic Power Systems, Inc.",0.028647805772162877,0.01694915254237288,0.002509446479563875
MDB,"MongoDB, Inc.",0.0,0.0,0.0
IR,Ingersoll Rand Inc.,0.04923311784378067,0.0017708070832279281,0.0032593960021921596
MLM,"Martin Marietta Materials, Inc.",0.08142509833569687,0.0131545661522894,0.00484582768467507
EFX,"Equifax, Inc.",0.03888863432869652,0.014419427776372373,0.003791411475509661
CDW,CDW Corporation,0.07601583259504131,0.02479129774854541,0.003262600914682024
WBD,"Warner Bros. Discovery, Inc. - ",0.0,0.0,0.0
NU,Nu Holdings Ltd.,0.048222717497376714,0.0,0.12490825937997761
SLF,Sun Life Financial Inc.,0.15829081126015473,0.10574247407032633,0.001990250656205832
VMC,Vulcan Materials Company (Holdi,0.06389126855873495,0.017708070579306855,0.006057284605843837
SYM,Symbotic Inc.,0.0,0.0,0.0
CCEP,Coca-Cola Europacific Partners ,0.12984677607706077,0.07285606121932708,0.0030158226529624606
CHT,"Chunghwa Telecom Co., Ltd.",0.09039098054855081,0.09663546167467744,0.0030510766903509698
VEEV,Veeva Systems Inc.,0.0370238749920679,0.0,0.003887558850205595
WIT,Wipro Limited,0.09420817550920371,0.0043005312420946115,0.0028844212408780175
DVN,Devon Energy Corporation,0.2825932004942741,0.1649380217556286,0.0014966941327667046
SATX,SatixFy Communications Ltd.,0.0,0.0,0.0
NET,"Cloudflare, Inc.",0.0,0.0,0.0
DG,Dollar General Corporation,0.13960081722952616,0.04199342271692385,0.0016473250197903346
DLTR,"Dollar Tree, Inc.",0.08350628451409747,0.0,0.002503036654584146
KEYS,Keysight Technologies Inc.,0.0838371788812481,0.0,0.0020831931184119015
HUBS,"HubSpot, Inc.",0.0,0.0,0.0
FICO,Fair Isaac Corproation,0.03306315472764359,0.0,0.003922812887594104
SNAP,Snap Inc.,0.0,0.0,0.0
CBRE,CBRE Group Inc,0.08089689751670824,0.0,0.019575605488092146
PKX,POSCO Holdings Inc.,0.11633471164962307,0.057424740703263345,0.0029837735280638157
FANG,"Diamondback Energy, Inc.",0.21429303060965116,0.1161143435365545,0.0029581342281449
ACGL,Arch Capital Group Ltd.,0.28137313649140294,0.0,0.008605190035286085
RBLX,Roblox Corporation,0.0,0.0,0.0
TTWO,"Take-Two Interactive Software, ",0.0,0.0,0.0
DAL,"Delta Air Lines, Inc.",0.35124958771400194,0.023779406779661016,0.007723839100573358
RKT,"Rocket Companies, Inc.",0.3229981401180813,0.0,0.0
BNH,Brookfield Finance Inc. 4.625% ,0.0,0.0,0.0
NTR,Nutrien Ltd.,0.10865170562905677,0.10220085504679988,0.00043586809862156714
HBANP,Huntington Bancshares Incorpora,0.09336396554065739,0.14798886921325574,0.001051211296675544
EIX,Edison International,0.10436655815584034,0.11510245889198077,0.0028491672034895083
ELP,Companhia Paranaense de Energia,0.16205118222595352,0.1710093599797622,0.0035895019886481995
SBAC,SBA Communications Corporation,0.05020908873878773,0.03996964330887933,0.002733790353854388
DB,Deutsche Bank AG,0.3694027041709797,0.091070068302555,0.002416504017357806
AEM,Agnico Eagle Mines Limited,0.17656763136459233,0.08095117632178091,0.0
XYL,Xylem Inc.,0.052034122207515215,0.02858588413862889,0.004211255011681906
AVB,"AvalonBay Communities, Inc.",0.08634647861813431,0.09764735643814823,0.0030831258152496143
DFS,Discover Financial Services,0.20281564372026964,0.05767771312926891,0.0012370962210876831
WST,"West Pharmaceutical Services, I",0.050160363472526545,0.005059448520111308,0.004192025536742719
EC,Ecopetrol S.A.,0.4841943427988228,0.7073109031115608,0.0016313004573410119
TU,Telus Corporation,0.05585013846746505,0.15658993169744498,0.0038266655128981696
WEC,"WEC Energy Group, Inc.",0.12165575670369444,0.10675436377434859,0.002682511754016556
GLW,Corning Incorporated,0.04880557196517146,0.08626359726789778,0.0
MTD,"Mettler-Toledo International, I",0.06908018142093841,0.0,0.002217799442986209
SPLK,Splunk Inc.,0.010424642872687706,0.0,0.0
ANSS,"ANSYS, Inc.",0.039592933959199675,0.0,0.0033331089894590425
AWK,"American Water Works Company, I",0.09475054742251524,0.05970149253731343,0.003397207239256332
ARGX,argenx SE,0.0,0.0,0.0
BNJ,Brookfield Finance Inc. 4.50% P,0.0,0.0,0.0
FTV,Fortive Corporation,0.06573300123882246,0.008854034910194788,0.003688854275833998
NWG,NatWest Group plc,0.40795005184834937,0.1168732608145712,0.0033715679393374162
TLK,"PT Telekomunikasi Indonesia, Tb",0.13115405807582078,0.10574247407032633,0.006521996916874185
PINS,"Pinterest, Inc.",0.0,0.0,0.03591424936142118
GIB,CGI Inc.,0.10145555530892443,0.0,0.003262600914682024
HEI,Heico Corporation,0.034489456866249164,0.002023779408044523,0.003304264777050262
RMD,ResMed Inc.,0.07610570800984474,0.02580318745256767,0.0028908310658577467
ZBH,"Zimmer Biomet Holdings, Inc.",0.08718410953099799,0.01821401467240071,0.0
CAH,"Cardinal Health, Inc.",0.054566092610467354,0.04629395395901846,0.0
APTV,Aptiv PLC,0.2840069658769975,0.0,0.011915864637316077
BNTX,BioNTech SE,0.27501696564087413,0.0,0.00022434387429051233
WTW,Willis Towers Watson Public Lim,0.08280376704218391,0.03010371869466228,0.003493354613952266
WY,Weyerhaeuser Company,0.07976602280769901,0.06020743738932456,0.07428987151505827
CCL,Carnival Corporation,0.0,0.0,0.0
CQP,"Cheniere Energy Partners, LP",0.28246526739690614,0.20035416139640777,0.00089737549716205
GRMN,Garmin Ltd.,0.11300003349810313,0.05540096129521882,0.005832940731553324
HIG,Hartford Financial Services Gro,0.18380974132764621,0.049076650645079684,0.0043811153736447225
STT,State Street Corporation,0.16882824934902352,0.09435871490007587,0.0008460968973242186
FITB,Fifth Third Bancorp,0.20991014149244283,0.10220085504679988,0.002198569968047022
ULTA,"Ulta Beauty, Inc.",0.10269731075474277,0.0,0.0029581342281449
TROW,"T. Rowe Price Group, Inc.",0.15651098494203805,0.1125727219833038,0.0052047778835398895
RCI,"Rogers Communication, Inc.",0.06115051565280108,0.08171009359979761,0.0018844885440403047
MTB,M&T Bank Corporation,0.24560742689521756,0.09486465975208701,0.0019646113562869164
TSCO,Tractor Supply Company,0.0954580971869124,0.04528206172527194,0.002910060540796933
EQR,Equity Residential,0.08184632976851344,0.11080192259043763,0.00618868601792828
ALNY,"Alnylam Pharmaceuticals, Inc.",0.0,0.0,0.0
QSR,Restaurant Brands International,0.11272289613664582,0.0766506450796863,0.006919406065617377
RJF,"Raymond James Financial, Inc.",0.15119334877506874,0.037945863900834806,0.003150428977536768
ICLR,ICON plc,0.05518472351092066,0.0,0.005743203181837119
BR,"Broadridge Financial Solutions,",0.06634007233235992,0.03971667088287377,0.0038555097253069504
IX,Orix Corp,0.1711216718763955,0.07133821907412091,0.0032305517897833797
DTE,DTE Energy Company,0.14053136385607662,0.09461168732608145,0.0048490325971649335
ARE,Alexandria Real Estate Equities,0.010560409054292334,0.10498355679230963,0.0
CHD,"Church & Dwight Company, Inc.",0.0706132230423497,0.028079939286617756,0.0
TEF,Telefonica SA,0.15894001618956471,0.19984821654439666,0.0
VOD,Vodafone Group Plc,0.7824883488199417,0.28914748292436127,0.0
WPM,Wheaton Precious Metals Corp,0.06886385586887372,0.03769289020996711,0.0018139804692632868
PHM,"PulteGroup, Inc.",0.23897602558484263,0.018719959524411838,0.002653667541607776
NVR,"NVR, Inc.",0.13791234873938693,0.0,0.0028363475535300507
WAB,Westinghouse Air Brake Technolo,0.07612952645920809,0.012395648115355425,0.0043362465987866194
RIVN,"Rivian Automotive, Inc.",0.0,0.0,0.0
MT,Arcelor Mittal NY Registry Shar,0.09489703263632897,0.04174045029091829,0.0
TCOM,Trip.com Group Limited,0.09941033136864288,0.0,0.001906922931469356
ZM,"Zoom Video Communications, Inc.",0.028370429132256812,0.0,0.009021828658968466
WBA,"Walgreens Boots Alliance, Inc.",0.07060030526844523,0.11586137111054894,0.0
HWM,Howmet Aerospace Inc.,0.06474095621199422,0.006324310650139135,0.006602119729120796
EBAY,eBay Inc.,0.24346617162814904,0.056918795851252216,0.0
TECK,Teck Resources Ltd,0.1914268783748109,0.02302049076650645,0.0
ES,Eversource Energy (D/B/A),0.0,0.12243866177586642,0.0
HPE,Hewlett Packard Enterprise Comp,0.22152523269261934,0.08651656969390335,0.0
LYV,"Live Nation Entertainment, Inc.",0.033935612836229326,0.0,0.0
FNV,Franco-Nevada Corporation,0.07620455052579946,0.033392361497596765,0.003474125139013079
ETR,Entergy Corporation,0.23402452005689922,0.11105488995699468,0.0035895019886481995
DOV,Dover Corporation,0.10494617648643996,0.03086263597267898,0.003531813563830639
FE,FirstEnergy Corp.,0.11926628178096872,0.11054894510498355,0.0
MOH,Molina Healthcare Inc,0.10553536579664438,0.0,0.012229946061322794
VRSN,"VeriSign, Inc.",0.09254126925175879,0.0,0.004823393297246018
STE,STERIS plc (Ireland),0.05632405746646101,0.021755628636478626,0.0035862970761583353
INVH,Invitation Homes Inc.,0.05964847654991142,0.0847457627118644,0.004015755349800173
JBHT,"J.B. Hunt Transport Services, I",0.07586611050268446,0.019984821654439665,0.002368430330009839
FCNCA,"First Citizens BancShares, Inc.",0.8101893348476324,0.01037186946622818,0.006521996916874185
SIRI,Sirius XM Holdings Inc.,0.15087001884283346,0.05615987857323551,0.003070306165290156
TW,Tradeweb Markets Inc.,0.03834789822105561,0.00834808980521123,0.0030510766903509698
ROL,"Rollins, Inc.",0.049036226498535104,0.035163164685049327,0.00415677149935421
PTC,PTC Inc.,0.025795589810929127,0.0,0.002714560878915201
IFF,International Flavors & Fragran,0.0,0.04983556792309638,0.0
KOF,Coca Cola Femsa S.A.B. de C.V.,0.13556090288819922,0.08373386541866935,0.00022113896180064784
EXPE,"Expedia Group, Inc.",0.08997125126313378,0.0,0.0025927742043003513
UMC,United Microelectronics Corpora,0.2522609370467715,0.1922590437642297,0.0019133327564490848
SE,Sea Limited,0.0626871030955115,0.0,0.0
ILMN,"Illumina, Inc.",0.0,0.0,0.0
OWL,Blue Owl Capital Inc.,0.010597618141592921,0.0781684796357197,0.027216116863929024
STLD,"Steel Dynamics, Inc.",0.24753760175006131,0.033392361497596765,0.002233824005435531
TS,Tenaris S.A.,0.3488733647073356,0.0847457627118644,0.004442008710952147
TDY,Teledyne Technologies Incorpora,0.09806300862989568,0.0,0.004483672573320385
BLDR,"Builders FirstSource, Inc.",0.1425504008330681,0.0,0.0033683630268475516
FTS,Fortis Inc.,0.13222855130100986,0.11206677713129268,0.003163248627496226
FLT,"FleetCor Technologies, Inc.",0.10730955967339846,0.0,0.0035830921636684702
ERIC,Ericsson,0.0,0.1161143435365545,0.0017114232695876238
VTR,"Ventas, Inc.",0.0,0.10270679989881101,0.0
IRM,Iron Mountain Incorporated (Del,0.01994301939027725,0.08727548697192006,0.0006794414478512663
PPL,PPL Corporation,0.08615329856115109,0.09663546167467744,0.0017883411693443711
BEKE,KE Holdings Inc,0.1037103758627009,0.0,0.005044532259046666
ASX,"ASE Technology Holding Co., Ltd",0.10727637103284733,0.14697697950923347,0.001900513106489627
BRO,"Brown & Brown, Inc.",0.08368585133729517,0.015178345560333923,0.005788071956695222
BAX,Baxter International Inc.,0.0,0.06855552744750822,0.004204845186702177
CBOE,"Cboe Global Markets, Inc.",0.08370816206950606,0.02782696686061219,0.004166386236823803
DRI,"Darden Restaurants, Inc.",0.11128542694239528,0.07614469769795092,0.003631165851016438
ALGN,"Align Technology, Inc.",0.04304994979462648,0.0,0.009768573269106887
CCJ,Cameco Corporation,0.03580852367428151,0.005059448520111308,0.0
VLTO,Veralto Corp,0.09036965746556204,0.010118897040222613,0.0028780114158982887
GPC,Genuine Parts Company,0.14214060732653938,0.06779661016949151,0.003964476749962342
PHG,Koninklijke Philips N.V. NY Reg,0.0,0.0,0.0
AXON,"Axon Enterprise, Inc.",0.017133945370233918,0.0,0.014620810778761685
BGNE,"BeiGene, Ltd.",0.0,0.0,0.0
TRGP,"Targa Resources, Inc.",0.08705856040401694,0.05160637237541108,0.0027722493037327612
EBR,Centrais Electricas Brasileiras,0.09345279557518853,0.012395648115355425,0.0
WAT,Waters Corporation,0.07582588406745779,0.0,0.0029869784405536803
CTRA,Coterra Energy Inc.,0.18226999983105263,0.08120414874778649,0.0012627355210065988
AEE,Ameren Corporation,0.1389583198439901,0.09410574247407032,0.002970953878104358
PFG,Principal Financial Group Inc,0.07376986679907735,0.08651656969390335,0.0
LH,Laboratory Corporation of Ameri,0.04650813310172168,0.03263344042499367,0.0
HBAN,Huntington Bancshares Incorpora,0.210629553317673,0.12142676448267137,0.001051211296675544
MKL,Markel Group Inc.,0.21752838536063507,0.0,0.003605526551097522
BALL,Ball Corporation,0.08201762193103616,0.03162155325069567,0.008900041984353617
K,Kellanova,0.0918351878834356,0.09992410827219832,0.0
TSN,"Tyson Foods, Inc.",0.0,0.09157601821401466,0.001009547434307306
DUKB,Duke Energy Corporation 5.625% ,0.0,0.0,0.0
NOK,Nokia Corporation Sponsored,0.08483869550848241,0.09284088034404249,0.0
IOT,Samsara Inc.,0.0,0.0,0.0
NTAP,"NetApp, Inc.",0.08561341053950788,0.057424740703263345,0.0009518590094897456
BMRN,BioMarin Pharmaceutical Inc.,0.022621905790265295,0.0,0.0
CNP,"CenterPoint Energy, Inc (Holdin",0.11206401961271019,0.07209714141158613,0.004999663484188564
VRT,"Vertiv Holdings, LLC",0.0446098521905993,0.0005059448520111307,0.027059076151925668
AER,AerCap Holdings N.V.,0.36018716918525506,0.0,0.008473788623201643
VFS,VinFast Auto Ltd.,0.0,0.0,0.0
PBA,Pembina Pipeline Corp.,0.1440541136314084,0.14368832785226407,0.010063425218174415
RF,Regions Financial Corporation,0.2478460149094941,0.13230457880091068,0.0
WRB,W.R. Berkley Corporation,0.1338541663173694,0.012142676448267139,0.0033331089894590425
EXPD,Expeditors International of Was,0.09587136116012969,0.02858588413862889,0.0024197089298476702
DECK,Deckers Outdoor Corporation,0.07292288176131839,0.0,0.00453815608564808
FSLR,"First Solar, Inc.",0.07170550794588831,0.0,0.0
SWKS,"Skyworks Solutions, Inc.",0.12337335266046882,0.06577282570199847,0.002307536992702414
COO,"The Cooper Companies, Inc.",0.036085629671236,0.0,0.004018960262290038
AKAM,"Akamai Technologies, Inc.",0.07548229105007313,0.0,0.00287160159091856
WLK,Westlake Corporation,0.06291129365744152,0.03389830508474576,0.0
MKC,"McCormick & Company, Incorporat",0.08548944839309856,0.06197824437136352,0.0036856493633441335
VIV,Telefonica Brasil S.A.,0.12529911187975531,0.13432835820895522,0.0044996971357697075
ENTG,"Entegris, Inc.",0.021667476047425856,0.007083227928155831,0.0020319145185740697
NTRS,Northern Trust Corporation,0.14056045261295153,0.09258790791803692,0.002246643655394989
CHKP,Check Point Software Technologi,0.10159480217901876,0.0,0.003054281602840834
STX,Seagate Technology Holdings PLC,0.0,0.07993928661775866,0.0
CLX,Clorox Company (The),0.009831817042110622,0.07892740450290918,0.002916470365776662
TVE,Tennessee Valley Authority,0.0,0.0,0.0
FITBI,Fifth Third Bancorp - Depositar,0.2857534345455072,0.16240829749557295,0.002198569968047022
HUBB,Hubbell Inc,0.0885915548493731,0.03313939033645333,0.0051502943712121935
FDS,FactSet Research Systems Inc.,0.06226234205399605,0.020996711358461928,0.0034132318017056538
WMG,Warner Music Group Corp.,0.0604367686818929,0.04958259549709082,0.004099083074536649
LUV,Southwest Airlines Company,0.0526996765709435,0.05337718441689855,0.0
TYL,"Tyler Technologies, Inc.",0.021108798555155385,0.0,0.003916403062614375
ALB,Albemarle Corporation,0.2387733983179022,0.03313939033645333,0.0
OMC,Omnicom Group Inc.,0.1732789789146258,0.07943334682519605,0.003182478102435413
AGNCN,AGNC Investment Corp. - Deposit,0.0,0.2600556539337212,0.001858849244121389
ASBA,,0.0,0.0,0.0
ATO,Atmos Energy Corporation,0.12597114677601068,0.07184416898558056,0.003400412151746196
HOLX,"Hologic, Inc.",0.06457423756506125,0.0,0.0043170171238474326
JBL,Jabil Inc.,0.09669861662768003,0.005312420946116873,0.0028427573785097795
HRL,Hormel Foods Corporation,0.10866206731720676,0.09309385277004804,0.002169725755638242
ENPH,"Enphase Energy, Inc.",0.06082946650757442,0.0,0.0003204912489864463
CMS,CMS Energy Corporation,0.1187470834583575,0.08980521123197571,0.005701539319468881
EPAM,"EPAM Systems, Inc.",0.05474692656500459,0.0,0.001948586793837594
AQNB,Algonquin Power & Utilities Cor,0.0,0.0,0.0
SUI,"Sun Communities, Inc.",0.0,0.07108524664811534,0.0
BBY,"Best Buy Co., Inc.",0.16897048757770855,0.12142676448267137,0.003089535640229343
WSO,"Watsco, Inc.",0.07631191134205394,0.06400202377940803,0.0017723166068950484
YUMC,"Yum China Holdings, Inc.",0.10691755739271447,0.037945863900834806,0.006143817243070177
CE,Celanese Corporation,0.2575642853678542,0.0467998988110296,0.0028267328160604573
FITBP,Fifth Third Bancorp - Depositar,0.2928764618989156,0.1512775107513281,0.002198569968047022
WDC,Western Digital Corporation,0.0,0.0,0.0
RPRX,Royalty Pharma plc,0.1805573809767383,0.06804958259549708,0.0
SQM,Sociedad Quimica y Minera S.A.,0.4592418850022751,0.29041234505438906,0.0013140141208444302
BAH,Booz Allen Hamilton Holding Cor,0.04899777480139024,0.03415127751075133,0.015345121001471054
MGA,"Magna International, Inc.",0.17297441525140048,0.08803440424993675,0.009153230071052908
ZTO,ZTO Express (Cayman) Inc.,0.16797427471874155,0.0,0.0037561574381211518
EDR,"Endeavor Group Holdings, Inc.",0.03707223821687716,0.024538325322539845,0.0
CINF,Cincinnati Financial Corporatio,0.22436265551233608,0.07209714141158613,0.003669624800894811
DT,"Dynatrace, Inc.",0.031196780575183478,0.0,0.008890427246884023
TER,"Teradyne, Inc.",0.06356098868733778,0.011636731090311155,0.002115242243310546
SMCI,"Super Micro Computer, Inc.",0.0351512809046283,0.0,0.005121450158803413
RYAN,"Ryan Specialty Holdings, Inc.",0.023194281628655663,0.0,0.0
IEX,IDEX Corporation,0.07677106525330772,0.02681507715658993,0.0026087987667496736
AGNCM,AGNC Investment Corp. - Deposit,0.0,0.17505691879585125,0.001858849244121389
J,Jacobs Solutions Inc.,0.08820028763969076,0.019478879332152796,0.004028574999759631
AVY,Avery Dennison Corporation,0.06722523173301734,0.03769289020996711,0.0036856493633441335
LPLA,LPL Financial Holdings Inc.,0.11834830248434114,0.011130786744244876,0.002233824005435531
EQT,EQT Corporation,0.24514090530711788,0.042499367568934986,0.0007595642600978779
AGNCO,AGNC Investment Corp. - Deposit,0.0,0.1667088287376676,0.001858849244121389
ESS,"Essex Property Trust, Inc.",0.06433037910057328,0.10751328105236528,0.001057621121655273
MAA,Mid-America Apartment Communiti,0.08609281061953164,0.11712623324057676,0.0025543152544219776
LII,"Lennox International, Inc.",0.08320451267417002,0.02352643561851758,0.004833008034715612
CFG,"Citizens Financial Group, Inc.",0.2186856354904769,0.1358461927649886,0.0007852035600167936
KB,KB Financial Group Inc,0.3589081871621864,0.11535542625853781,0.002618413504219267
FITBO,Fifth Third Bancorp - Depositar,0.3165483793074418,0.13635213761699974,0.002198569968047022
AVTR,"Avantor, Inc.",0.045353707196056095,0.0,0.0020607587309828504
TXT,Textron Inc.,0.12089057463942604,0.0017708070832279281,0.002913265453286798
RS,Reliance Steel & Aluminum Co.,0.15650297204229746,0.03389830508474576,0.002480602267155095
AQNU,Algonquin Power & Utilities Cor,0.056390389912431164,0.0,0.0
EG,"Everest Group, Ltd.",0.33442077091845784,0.04730584366304073,0.004615073985404828
SLMBP,SLM Corporation - Floating Rate,0.06812182029329458,0.2501897293195042,0.0
BKDT,Brookdale Senior Living Inc. 7.,0.0,0.0,0.0
MAS,Masco Corporation,0.12193702590883766,0.038704781178851504,0.00541309719538108
SOJE,Southern Company (The) Series 2,0.0,0.0,0.0
SYF,Synchrony Financial,0.2743405504153696,0.061219329623071084,0.002557520166911842
JHX,James Hardie Industries plc,0.07290627994559717,0.0,0.00472404101006022
CSL,Carlisle Companies Incorporated,0.09192631054371841,0.02352643561851758,0.003906788325144781
CNHI,CNH Industrial N.V.,0.30152421284064757,0.08145712117379204,0.003323494251989449
TME,Tencent Music Entertainment Gro,0.09445313693265839,0.0,0.0035093791764015878
BG,Bunge Limited,0.2903649921221582,0.07108524664811534,0.005989981443556683
DGX,Quest Diagnostics Incorporated,0.13330617000200876,0.05919554515557804,0.006089333730742481
L,Loews Corporation,0.18489122500288718,0.007842145712117379,0.004192025536742719
POOL,Pool Corporation,0.07968605567546234,0.028332911712623324,0.0022370289179253957
IHG,Intercontinental Hotels Group,0.09097520706487282,0.03187452567670124,0.0062495793552357045
SWK,"Stanley Black & Decker, Inc.",0.0,0.0913230457880091,0.0
LW,"Lamb Weston Holdings, Inc.",0.16729412805054208,0.0349101935239059,0.006598914816630932
SNA,Snap-On Incorporated,0.15501348258945716,0.06906147229951934,0.0033651581143576874
FWONK,Liberty Media Corporation - Ser,0.06507030277939756,0.0,0.003954862012492748
CG,The Carlyle Group Inc.,0.0,0.07892740450290918,0.0
AEG,Aegon Ltd. New York Registry Sh,0.0,0.1211737920566658,0.0
SREA,DBA Sempra 5.750% Junior Subord,0.0,0.0,0.0
ERIE,Erie Indemnity Company,0.05129975669762651,0.03642802934480142,0.004906721021982495
U,Unity Software Inc.,0.0,0.0,0.0
AGNCL,AGNC Investment Corp. - Deposit,0.0,0.2102200860106248,0.001858849244121389
LOGI,Logitech International S.A. - R,0.07931009807111553,0.032127496837844674,0.005691924581999288
SHG,Shinhan Financial Group Co Ltd,0.3583555682621792,0.12218567670123956,0.0
SSNC,"SS&C Technologies Holdings, Inc",0.08506757921168148,0.03693397419681255,0.002977363703084087
BAM,Brookfield Asset Management Inc,0.0634303449202978,0.09284088034404249,0.0023331762926213297
BSY,"Bentley Systems, Incorporated",0.02498167831457392,0.009107007336200353,0.004448418535931875
GEN,Gen Digital Inc.,0.21737522053486727,0.05666582342524664,0.002736995266344252
GDDY,GoDaddy Inc.,0.17754062239765142,0.0,0.041843337467670445
LDOS,"Leidos Holdings, Inc.",0.027050109426450357,0.03010371869466228,0.004070238862127869
PKG,Packaging Corporation of Americ,0.1103228936631702,0.07159119150012647,0.0028203229910807284
AGNCP,AGNC Investment Corp. - Deposit,0.0,0.16316721477358964,0.001858849244121389
MGM,MGM Resorts International,0.16692696147369224,0.0002529724007083228,0.004227279574131227
CF,"CF Industries Holdings, Inc.",0.21351535189320836,0.06248418922337464,0.0009742933969187969
PATH,"UiPath, Inc.",0.0,0.0,0.0
BEN,"Franklin Resources, Inc.",0.15740633250064573,0.1156084037439919,0.0048842866345534435
PODD,Insulet Corporation,0.037750757478200885,0.0,0.018758352803176708
RPM,RPM International Inc.,0.08366311704325745,0.04072856058689602,0.0034677153140333502
FOXA,Fox Corporation,0.1282265382799627,0.043005312420946115,0.0011729979712903939
NDSN,Nordson Corporation,0.07246706010677648,0.024538325322539845,0.003281830389621211
GGG,Graco Inc.,0.07547139732937083,0.028079939286617756,0.00272097070389493
GFI,Gold Fields Limited,0.13800866407021148,0.07993928661775866,0.0
UAL,"United Airlines Holdings, Inc.",0.35387710101358877,0.0,0.002188955230577429
MRO,Marathon Oil Corporation,0.23277744692482918,0.04629395395901846,0.0025607250794017064
PARAA,Paramount Global,0.0,0.024285352896534277,0.004102287987026514
WPC,W. P. Carey Inc. REIT,0.13256500194774207,0.15507209714141157,0.002028709606084206
CAG,"ConAgra Brands, Inc.",0.16177517302067604,0.12471540602074374,0.002342791030090923
INCY,Incyte Corporation,0.10036232590046887,0.0,0.02338945135103086
DPZ,Domino's Pizza Inc,0.07806150729791106,0.02782696686061219,0.004086263424577192
CRBG,Corebridge Financial Inc.,0.1527052715625925,0.0920819630660258,0.0
BIP,Brookfield Infrastructure Partn,0.010900800266527942,0.13331646850493295,0.0
ZBRA,Zebra Technologies Corporation,0.04880393500779295,0.0,0.00020190948686146107
AMCR,Amcor plc,0.1085300766025877,0.1358461927649886,0.0008781460222228632
KIM,Kimco Realty Corporation (HC),0.11882114698000644,0.12370350872754868,0.0
AZPN,"Aspen Technology, Inc.",0.0,0.028332911712623324,0.0
XP,XP Inc.,0.12650305392688907,0.13786997217303312,0.0034132318017056538
FWONA,Liberty Media Corporation - Ser,0.07212230386972716,0.0,0.003954862012492748
TWLO,Twilio Inc.,0.0,0.0,0.0
OKTA,"Okta, Inc.",0.0,0.0,0.0
NIO,NIO Inc.,0.0,0.0,0.0
ROKU,"Roku, Inc.",0.0,0.0,0.0
QRTEP,"Qurate Retail, Inc. - 8.0% Fixe",0.016849474890321188,0.431317986339489,0.0
OC,Owens Corning Inc,0.1962064641769814,0.04072856058689602,0.003486944788972537
HST,"Host Hotels & Resorts, Inc.",0.11688710095003096,0.0994181634201872,0.0029196752782665266
H,Hyatt Hotels Corporation,0.03241034784460366,0.009612952188211484,0.00021472913682091892
VST,Vistra Corp.,0.15653999062352883,0.04376422969896281,0.0025703398168713002
APP,Applovin Corporation,0.04021176227714066,0.0,0.0
KEY,KeyCorp,0.13921097947019354,0.14495320010118895,0.00017306527445268085
ELS,"Equity Lifestyle Properties, In",0.05908122064824367,0.07184416898558056,0.0039420423625332905
FOX,Fox Corporation,0.13935201180138587,0.047052871237035165,0.0011729979712903939
TRU,TransUnion,0.0,0.0131545661522894,0.0003140814240067174
AFRM,"Affirm Holdings, Inc.",0.0,0.0,0.0
FNF,FNF Group of Fidelity National ,0.08802323827129754,0.09663546167467744,0.0
PARAP,Paramount Global - 5.75% Series,0.7113505787794235,0.9999999999999999,0.004102287987026514
MANH,"Manhattan Associates, Inc.",0.02673760750795005,0.0,0.003121584765127988
TKO,"TKO Group Holdings, Inc.",0.11656674469055808,0.0,0.0
WSM,"Williams-Sonoma, Inc.",0.14282113309519295,0.03971667088287377,0.003070306165290156
SJM,The J.M. Smucker Company,0.00019018992297308032,0.0847457627118644,0.0033170844270097198
CPB,Campbell Soup Company,0.14022982226810948,0.08778143182393118,0.0024421433172767217
ACI,"Albertsons Companies, Inc.",0.23658658507619648,0.05615987857323551,0.009851900993843362
Z,"Zillow Group, Inc.",0.0,0.0,0.0
TPG,TPG Inc.,0.0,0.07867442448773083,0.0
NMR,Nomura Holdings Inc,0.10080226010101011,0.0,0.002313946817682143
AES,The AES Corporation,0.0,0.10548950164432075,0.0016537348447700634
IP,International Paper Company,0.057874490258488134,0.13432835820895522,0.0
LNT,Alliant Energy Corporation,0.12933705101623905,0.09916519099418161,0.003522198826361046
TRMB,Trimble Inc.,0.047740824828575994,0.0,0.0022274141804558023
AMH,American Homes 4 Rent,0.06673137260529007,0.07412092081963065,0.002736995266344252
DOCU,"DocuSign, Inc.",0.01151915015390535,0.0,0.0
ZG,"Zillow Group, Inc.",0.0,0.0,0.0
GLPI,"Gaming and Leisure Properties, ",0.1362073403344188,0.16089046293953957,0.002528675954503062
AGR,"Avangrid, Inc.",0.14253810802467687,0.13837591196559573,0.008803894609657682
NICE,NICE Ltd,0.050397483868906974,0.0,0.003631165851016438
IPG,"Interpublic Group of Companies,",0.19419419714038375,0.10295978497343787,0.0050958108588844975
TAP,Molson Coors Beverage Company,0.156542313179569,0.06577282570199847,0.0
FLEX,Flex Ltd.,0.13488781480779996,0.0,0.0028010935161415416
BEP,Brookfield Renewable Partners L,0.0,0.15456615734884896,0.0
ACM,AECOM,0.023836730820952886,0.024285352896534277,0.0034805349639928083
UHAL,U-Haul Holding Company,0.11391662374094459,0.0065772830761447,0.0015159236077058914
RVTY,"Revvity, Inc.",0.03257356199248774,0.006324310650139135,0.0019389720563680007
LKQ,LKQ Corporation,0.1513575761267918,0.05767771312926891,0.002833142641040186
LECO,"Lincoln Electric Holdings, Inc.",0.0865139809493536,0.028332911712623324,0.00453815608564808
UDR,"UDR, Inc.",0.0862969332877755,0.11813812294459902,0.0022402338304152603
REG,Regency Centers Corporation,0.07783855094936536,0.11105488995699468,0.002640847891648318
VTRS,Viatris Inc.,0.24046164434380013,0.08929926637996456,0.00290044580332734
TPL,Texas Pacific Land Corporation,0.07830064003484763,0.0204907665064508,0.0035606577762394196
PAYC,"Paycom Software, Inc.",0.07378509349686031,0.019984821654439665,0.0032305517897833797
OZK,Bank OZK,0.2855073752582464,0.09056412850999239,0.0034901497014624013
GFL,GFL Environmental Inc. Subordin,0.006706977597311679,0.00328864153807235,0.0
VLYPO,Valley National Bancorp - 5.5% ,0.10811381152442778,0.24639515810776624,0.0011281291964322913
FMS,Fresenius Medical Care AG,0.10859816395388339,0.0,0.0042529188740501435
TECH,Bio-Techne Corp,0.04559835301849514,0.01087781431823931,0.0016729643197092503
BPYPM,Brookfield Property Partners L.,0.0,0.0,0.0
JKHY,"Jack Henry & Associates, Inc.",0.06746652676056339,0.031115608398684547,0.0035862970761583353
MOS,Mosaic Company (The),0.239643102068522,0.06703769542119908,0.0022754878678037695
TFX,Teleflex Incorporated,0.07381136409317264,0.013913483430306095,0.0011890225337397161
BAP,Credicorp Ltd.,0.20297351505393324,0.09992410827219832,0.002445348229766586
REXR,"Rexford Industrial Realty, Inc.",0.05065085303884495,0.08095117632178091,0.004115107636985972
MORN,"Morningstar, Inc.",0.013315643905155921,0.0131545661522894,0.07135096676185257
BPYPP,Brookfield Property Partners L.,0.33691343756233444,0.305843637743486,0.0
EDU,New Oriental Education & Techno,0.046152562334848664,0.0,0.0
FND,"Floor & Decor Holdings, Inc.",0.04573867557232075,0.0,0.0015928415074626385
EXAS,Exact Sciences Corporation,0.0,0.0,0.0
BLD,TopBuild Corp.,0.10707387817854813,0.0,0.0034645104015434856
EVRG,"Evergy, Inc.",0.1324375568858567,0.12800404755881606,0.0025511103419321134
KMX,CarMax Inc,0.09804529731603512,0.0,0.006890561853208597
CRL,Charles River Laboratories Inte,0.08585753787358046,0.0,0.003102355290188801
DKS,Dick's Sporting Goods Inc,0.1463786249931244,0.058183657981280036,0.0030414619528813763
GRAB,Grab Holdings Limited,0.0,0.0,0.0
NBIX,"Neurocrine Biosciences, Inc.",0.043291641333273734,0.0,0.00519836805856016
BURL,"Burlington Stores, Inc.",0.05343236784312787,0.0,0.009278221658157624
OVV,Ovintiv Inc. (DE),0.42686385926281506,0.06551985580571716,0.0009326295345505588
AOS,A.O. Smith Corporation,0.10386388414032843,0.0392107285605869,0.0
BCH,Banco De Chile,0.2441756632970614,0.19301796104224636,0.003483739876482672
PNR,Pentair plc.,0.1115573356863329,0.029850746268656716,0.00684248816586063
BPYPO,Brookfield Property Partners L.,0.340733087629612,0.3040728560586896,0.0
RBA,"RB Global, Inc.",0.03202859594505153,0.035163164685049327,0.003131199502597581
UTHR,United Therapeutics Corporation,0.19212502613073695,0.0,0.005127859983783143
SNN,"Smith & Nephew SNATS, Inc.",0.04076006977535739,0.0652668833797116,0.0030414619528813763
EQH,"Equitable Holdings, Inc.",0.21841758122302854,0.06374905135340246,0.0
CELH,"Celsius Holdings, Inc.",0.017815426080457303,0.0,0.0
UGIC,UGI Corporation Corporate,0.25601318321691363,0.3116620288388566,0.0
CX,"Cemex, S.A.B. de C.V. Sponsored",0.10131871690913367,0.0,0.0
GL,Globe Life Inc.,0.1762463237582902,0.01745509638249431,0.004227279574131227
PSTG,"Pure Storage, Inc.",0.012917714552182963,0.0,0.0
UWMC,UWM Holdings Corporation,0.052523282894736845,0.15077156589931695,0.0036471904134657597
LBRDA,Liberty Broadband Corporation,0.1682763660492102,0.0,0.0036247560260367086
LBRDK,Liberty Broadband Corporation,0.16809970252383097,0.0,0.0036247560260367086
NTNX,"Nutanix, Inc.",0.0,0.0,0.0
ESTC,Elastic N.V.,0.0,0.0,0.0
BXP,"Boston Properties, Inc.",0.04375037595583661,0.15203643814824183,0.003047871777861105
TEVA,Teva Pharmaceutical Industries ,0.0,0.0,0.0
CNA,CNA Financial Corporation,0.21684289941998963,0.09967113584619276,0.004826598209735883
COTY,Coty Inc.,0.0623250214801101,0.0,0.0022562583928645826
OTEX,Open Text Corporation,0.02935724153275615,0.06501391095370604,0.0003813845862938712
ARCC,Ares Capital Corporation,0.2816483277170341,0.2410827219833038,0.0066790376288775434
RDY,Dr. Reddy's Laboratories Ltd,0.11126131543721438,0.015431317986339487,0.0034516907515840275
TOL,"Toll Brothers, Inc.",0.24893523942483828,0.018466987098406273,0.004159976411844075
SAIA,"Saia, Inc.",0.05497393533666354,0.0,0.003938837450043427
NRG,"NRG Energy, Inc.",0.0,0.07943334682519605,0.015768169450133162
LAMR,Lamar Advertising Company,0.10107063752491939,0.1188970351631672,0.007124520464968703
WMS,"Advanced Drainage Systems, Inc.",0.08876348132449642,0.008095117632178092,0.004256123786540007
NI,NiSource Inc,0.12843083547602643,0.10220085504679988,0.0030158226529624606
QRVO,"Qorvo, Inc.",0.0,0.0,0.0
LCID,"Lucid Group, Inc.",0.0,0.0,0.0
WRK,Westrock Company,0.0,0.0693144447255249,0.0
CCK,"Crown Holdings, Inc.",0.11161913623740981,0.03238046799898811,0.0010768505965944599
PAG,"Penske Automotive Group, Inc.",0.22310754251742662,0.05034151277510751,0.0020767832934321722
APA,APA Corporation,0.5640101733981647,0.08373386541866935,0.013608058431964512
FIVE,"Five Below, Inc.",0.05869006416288317,0.0,0.002791478778671948
WES,"Western Midstream Partners, LP",0.1711698813376607,0.17176827725777888,0.002695331403976014
USFD,US Foods Holding Corp.,0.09114589703709258,0.0,0.005070171558965581
PEAK,"Healthpeak Properties, Inc.",0.07802412241737851,0.18214014672400708,0.40805907294701316
HTHT,H World Group Limited,0.028240818049981072,0.0392107285605869,0.0
CDAY,Ceridian HCM Holding Inc.,0.0010330963628051241,0.0,0.0
FFIV,"F5, Inc.",0.09505489923944149,0.0,0.0061117681181715325
PARA,Paramount Global,0.0,0.044523146976979504,0.004102287987026514
MKTX,"MarketAxess Holdings, Inc.",0.07408298224729809,0.03440424993675689,0.0036471904134657597
CPT,Camden Property Trust,0.08992114325386912,0.10928408803440424,0.01540601433877848
BPYPN,Brookfield Property Partners L.,0.36945459848523515,0.30154311915001264,0.0
RGA,"Reinsurance Group of America, I",0.17200826796229965,0.049076650645079684,0.002458167879726044
ALLY,Ally Financial Inc.,0.18268455164645267,0.08322792309638248,0.0005352203858073652
EMN,Eastman Chemical Company,0.19063774682972423,0.09410574247407032,1.0
PAA,"Plains All American Pipeline, L",0.1813210446003454,0.1958006577283076,0.0036439855009758955
DLB,Dolby Laboratories,0.056141113511430245,0.037439919048823676,0.0026120036792395378
CZR,"Caesars Entertainment, Inc.",0.19249337763487112,0.0,0.0
ALLE,Allegion plc,0.10840749286045288,0.037186946622818115,0.002714560878915201
PFGC,Performance Food Group Company,0.08375838130519125,0.0,0.003400412151746196
PR,Permian Resources Corporation,0.1337267851814662,0.08019225904376422,0.0004999663484188565
GLOB,Globant S.A.,0.03798051648112143,0.0,0.0033331089894590425
VLYPP,Valley National Bancorp - 6.25%,0.12206237078667607,0.1907412092081963,0.0011281291964322913
CVNA,Carvana Co.,0.0,0.0,0.0
DBX,"Dropbox, Inc.",0.12396407008225206,0.0,0.002230619092945667
TFII,TFI International Inc.,0.08991170485094001,0.02681507715658993,0.002733790353854388
EME,"EMCOR Group, Inc.",0.09761507848783753,0.006324310650139135,0.0052143926210094825
CUBE,CubeSmart,0.089237158200216,0.11839109537060459,0.0028010935161415416
UHS,"Universal Health Services, Inc.",0.13103807769958434,0.011889704022261572,0.002993388265533409
BRKR,Bruker Corporation,0.07931573971198698,0.005565393119150013,0.006739930966184967
RGEN,Repligen Corporation,0.009105775091172314,0.0,0.0
LEGN,Legend Biotech Corporation,0.0,0.0,0.0
OZKAP,Bank OZK - 4.625% Series A Non-,0.48073558477719236,0.168226673412598,0.0034901497014624013
HOOD,"Robinhood Markets, Inc.",0.0,0.0,0.0
HII,"Huntington Ingalls Industries, ",0.13387859553288542,0.04502909182899063,0.007124520464968703
SCI,Service Corporation Internation,0.11098145485108064,0.04123450543890716,0.004970819271779783
EWBC,"East West Bancorp, Inc.",0.24325311942506403,0.07639767265368073,0.002201774880536887
DINO,HF Sinclair Corporation,0.3002882693121444,0.08044523146976978,0.0
DOX,Amdocs Limited,0.11620246071172297,0.05236529218315203,0.003698469013303591
RNR,RenaissanceRe Holdings Ltd.,0.4490901545979751,0.01694915254237288,0.009255787270728571
WYNN,"Wynn Resorts, Limited",0.13700932760643378,0.023779406779661016,0.06891523326955556
FBIN,"Fortune Brands Innovations, Inc",0.09046044919877713,0.02858588413862889,0.0023331762926213297
NLY,Annaly Capital Management Inc.,0.0,0.3478370857576524,0.0
AFG,"American Financial Group, Inc.",0.17679303192091278,0.05641285099924108,0.003012617740472596
CASY,"Caseys General Stores, Inc.",0.09896759417505384,0.013913483430306095,0.00361834620105698
CHK,Chesapeake Energy Corporation,0.4099589805098027,0.08929926637996456,0.00045189266107088945
CHRW,"C.H. Robinson Worldwide, Inc.",0.08563912188943572,0.08373386541866935,0.0009454491845100166
XPO,"XPO, Inc.",0.031414460300359104,0.0,0.0
WTRG,"Essential Utilities, Inc.",0.12043295310687897,0.08803440424993675,0.0034997644389319947
SNX,TD SYNNEX Corporation,0.1461334363420406,0.038704781178851504,0.0027722493037327612
VIPS,Vipshop Holdings Limited,0.23288857137773042,0.0,0.002509446479563875
SBS,Companhia de saneamento Basico ,0.15790079628737655,0.04148747786491273,0.002426118754827399
NVT,nVent Electric plc,0.11606784390512924,0.02858588413862889,0.005006073309168292
DUOL,"Duolingo, Inc.",0.0,0.0,0.0
RRX,Regal Rexnord Corporation,0.0,0.0204907665064508,0.0016729643197092503
GTLB,GitLab Inc.,0.0,0.0,0.0
PCOR,"Procore Technologies, Inc.",0.0,0.0,0.0
QGEN,Qiagen N.V.,0.08029320310904707,0.07386794839362508,0.001201842183699174
ETSY,"Etsy, Inc.",0.07038753614909338,0.0,0.0025447005169523845
DVA,DaVita Inc.,0.133941501563552,0.0,0.006967479752965344
HSIC,"Henry Schein, Inc.",0.09725262918450636,0.0,0.0030030030030030025
CHDN,"Churchill Downs, Incorporated",0.10242960177722542,0.007336200354161397,0.1830966505459568
LSCC,Lattice Semiconductor Corporati,0.05784418279904196,0.0,0.00598036670608709
ITT,ITT Inc.,0.09094010778042635,0.025297240070832276,0.002487012092134824
SKX,"Skechers U.S.A., Inc.",0.13124139932057613,0.0,0.0036568051509353536
PEN,"Penumbra, Inc.",0.02298733833395039,0.0,0.043243884225741214
AAL,"American Airlines Group, Inc.",0.17735769318605596,0.0,0.0
BSAC,Banco Santander - Chile,0.14902606663203796,0.16923855299772325,0.006554046041772828
CLH,"Clean Harbors, Inc.",0.08702712603790347,0.0,0.0037433377881616937
CLF,Cleveland-Cliffs Inc.,0.08895943431725876,0.0,0.0
JNPR,"Juniper Networks, Inc.",0.05967239577500425,0.0594485175815836,0.0021376766307395975
KEP,Korea Electric Power Corporatio,0.0,0.0,0.0
KNX,Knight-Swift Transportation Hol,0.05388486843881447,0.02732102200860106,0.0
MTCH,"Match Group, Inc.",0.13836502051389124,0.0,0.008691722672512425
BBWI,"Bath & Body Works, Inc.",0.14924575971472176,0.04224639767265368,0.00409267324955692
PCTY,Paylocity Holding Corporation,0.040327306169986255,0.0,0.0073937331141173184
PRH,"Prudential Financial, Inc. 5.95",0.0,0.0,0.0
RHI,Robert Half Inc.,0.11064221833826968,0.06653175309891221,0.0018652590691011178
MEDP,"Medpace Holdings, Inc.",0.05180403611178223,0.0,0.0036503953259556243
BIRK,Birkenstock Holding plc,0.019642886755811096,0.0,0.0
ESLT,Elbit Systems Ltd.,0.06685378825117508,0.02352643561851758,0.0033747728518272804
CET, Central Securities,0.41027468887247914,0.12016190235264354,0.005371433333012841
RL,Ralph Lauren Corporation,0.10708934195629975,0.03971667088287377,0.004111902724496107
LSXMB,Liberty Media Corporation - Ser,0.1899682757186426,0.0,0.0011890225337397161
LSXMA,Liberty Media Corporation - Ser,0.18898816057156756,0.0,0.0011890225337397161
TOST,"Toast, Inc.",0.0,0.0,0.0
LSXMK,Liberty Media Corporation - Ser,0.1900842619047619,0.0,0.0011890225337397161
CHWY,"Chewy, Inc.",0.0044573103030632385,0.0,0.0
TTC,Toro Company (The),0.07781340857809814,0.03845180875284594,0.0018364148566923377
MNDY,monday.com Ltd.,0.0,0.0,0.0
PAC,Grupo Aeroportuario Del Pacific,0.15308823100783284,0.13989375158107764,0.0027882738661820835
ROIV,Roivant Sciences Ltd.,0.7481905890669835,0.0,0.0
SOFI,"SoFi Technologies, Inc.",0.0,0.0,0.0
WCC,"WESCO International, Inc.",0.2039311896843278,0.025550212496837844,0.0019293573188984073
AGCO,AGCO Corporation,0.3022348918404903,0.026562104730584363,0.003304264777050262
BIO,"Bio-Rad Laboratories, Inc.",0.0,0.0,0.0013172190333342949
NWSA,News Corporation,0.035707218784942235,0.018719959524411838,0.007355274164238945
ASR,Grupo Aeroportuario del Sureste,0.1505933729053599,0.04755881608904629,0.0033266991644793137
TIMB,TIM S.A.,0.144339769837333,0.09233493549203137,0.006432259367157978
TTEK,"Tetra Tech, Inc.",0.05701585330786866,0.014419427776372373,0.00197422609375651
WBS,Webster Financial Corporation,0.22567170465375835,0.08525170756387553,0.0023524057675605166
X,United States Steel Corporation,0.16777685146793261,0.010118897040222613,0.0
OLED,Universal Display Corporation,0.05778932778531474,0.02302049076650645,0.0029549293156550358
BJ,"BJ's Wholesale Club Holdings, I",0.118847437812013,0.0,0.003192092839905006
PRS,"Prudential Financial, Inc. 5.62",0.0,0.0,0.0
FTI,TechnipFMC plc,0.0,0.02302049076650645,0.0
JLL,Jones Lang LaSalle Incorporated,0.06024349314719622,0.0,0.0012851699084356501
TREX,"Trex Company, Inc.",0.044844775540360954,0.0,0.014707343415988026
ONON,On Holding AG,0.019915820365890517,0.0,0.008919271459292803
SRPT,"Sarepta Therapeutics, Inc.",0.0,0.0,0.0
ALV,"Autoliv, Inc.",0.11606025654519372,0.06071338224133569,0.004759295047448728
NCLH,Norwegian Cruise Line Holdings ,0.0,0.0,0.0
TPX,"Tempur Sealy International, Inc",0.09225423008451965,0.02479129774854541,0.0023524057675605166
CHE,Chemed Corp,0.0629612072215249,0.006324310650139135,0.004095878162046785
MTN,"Vail Resorts, Inc.",0.05526376322411058,0.08828737161649379,0.0
AIZ,"Assurant, Inc.",0.1503834962916825,0.04022261573488489,0.008537886872998932
FRT,Federal Realty Investment Trust,0.06634519944598338,0.1118138122944599,0.0016537348447700634
WSC,WillScot Mobile Mini Holdings C,0.08100168739585677,0.0,0.0033811826768070092
ACGLO,Arch Capital Group Ltd. - Depos,0.3917309285108655,0.14318238552997722,0.008605190035286085
IBKR,"Interactive Brokers Group, Inc.",0.06202058963203524,0.008854034910194788,0.0035414283013002327
EGP,"EastGroup Properties, Inc.",0.05698835825647242,0.07057930432582847,0.004794549084837238
UNM,Unum Group,0.27760164661404785,0.07386794839362508,0.003688854275833998
PSO,"Pearson, Plc",0.09678933985228107,0.05666582342524664,0.004502902048259572
LAD,"Lithia Motors, Inc.",0.26760094270422596,0.01694915254237288,0.0026857166665064207
CNM,"Core & Main, Inc.",0.10381224727570305,0.0,0.003121584765127988
CYBR,CyberArk Software Ltd.,0.0,0.0,0.0
STN,Stantec Inc,0.0618152973976069,0.017202124462433594,0.004836212947205476
COLD,"Americold Realty Trust, Inc.",0.0,0.08575765241588665,0.0
INFA,Informatica Inc.,0.0,0.0,0.0
HLI,"Houlihan Lokey, Inc.",0.06863702193038214,0.04174045029091829,0.003621551113546844
CW,Curtiss-Wright Corporation,0.08878104175103585,0.007842145712117379,0.00343887110162457
PNW,Pinnacle West Capital Corporati,0.1343594710468409,0.125727295724766,0.003810640950448848
CHKEW,Chesapeake Energy Corporation,0.0,0.0,0.00045189266107088945
KRTX,"Karuna Therapeutics, Inc.",0.0,0.0,0.0
ATR,"AptarGroup, Inc.",0.0699059959323639,0.028838856564634453,0.003262600914682024
MSTR,MicroStrategy Incorporated,0.08873829620191352,0.0,0.0
TPR,"Tapestry, Inc.",0.18104332466804446,0.07235011636731595,0.003192092839905006
TX,Ternium S.A. Ternium S.A.,0.18832585147236752,0.20895522388059698,0.03322853269491476
UI,Ubiquiti Inc.,0.11586273304680422,0.04958259549709082,0.0022626682178443114
AMKR,"Amkor Technology, Inc.",0.10910421370573278,0.025550212496837844,0.0022370289179253957
SSD,"Simpson Manufacturing Company, ",0.09501109022595912,0.0131545661522894,0.0029485194906753065
GWRE,"Guidewire Software, Inc.",0.0,0.0,0.0
BWA,BorgWarner Inc.,0.19530858042290275,0.03617505818365798,0.001858849244121389
TAL,TAL Education Group,0.0,0.0,0.0
SEIC,SEI Investments Company,0.11712951848488483,0.03415127751075133,0.0034709202265232144
WWD,"Woodward, Inc.",0.07899828728209157,0.017708070579306855,0.009467311495059626
LU,Lufax Holding Ltd,0.17563785331632392,0.3235517581583607,0.0001378112370641717
JEF,Jefferies Financial Group Inc.,0.06101361200270634,0.07159119150012647,0.0016633495822396564
ORI,Old Republic International Corp,0.1630878510171279,0.08575765241588665,0.001195432358719445
BILL,"BILL Holdings, Inc.",0.0,0.0,0.0
WEX,WEX Inc.,0.06452722443927623,0.0,0.003073511077780021
COKE,"Coca-Cola Consolidated, Inc.",0.11924810504954671,0.005565393119150013,0.0019710211812666452
OMAB,Grupo Aeroportuario del Centro ,0.1610971611140305,0.15583101441942826,0.004034984824739359
LEA,Lear Corporation,0.1600234503481072,0.05717176827725778,0.0034516907515840275
CHKEZ,Chesapeake Energy Corporation,0.0,0.0,0.00045189266107088945
ELF,"e.l.f. Beauty, Inc.",0.02888682825441599,0.0,0.0042529188740501435
BERY,"Berry Global Group, Inc.",0.17120875485403633,0.0460409815330129,0.001801160819303829
NYCB,"New York Community Bancorp, Inc",1.0,0.11130786744244876,0.0
GGB,Gerdau S.A.,0.4123026743552105,0.18821148494814063,0.0013588828957025326
GPS,"Gap, Inc. (The)",0.013469160269823916,0.07740956235770301,0.002329971380131465
IVZ,Invesco Ltd,0.0,0.1315456539337212,0.0
DCI,"Donaldson Company, Inc.",0.1013546429048415,0.037439919048823676,0.0033491335519083647
GNRC,Generac Holdlings Inc.,0.06748105894917371,0.0,0.005986776531066818
S,"SentinelOne, Inc.",0.0,0.0,0.0
RBC,RBC Bearings Incorporated,0.051767332261413335,0.0,0.004159976411844075
APG,APi Group Corporation,0.024199332903717834,0.0,0.008233420186461808
IMGN,"ImmunoGen, Inc.",0.0,0.0,0.0
RGLD,"Royal Gold, Inc.",0.07875780730364976,0.037439919048823676,0.0035766823386887414
NOV,NOV Inc.,0.303479699828169,0.028838856564634453,0.018460295941619312
KNSL,"Kinsale Capital Group, Inc.",0.060690882135591,0.002529724007083228,0.004823393297246018
DAR,Darling Ingredients Inc.,0.22649065785566633,0.0,0.002025504693594341
TXRH,"Texas Roadhouse, Inc.",0.070865357041539,0.037945863900834806,0.003810640950448848
VFC,V.F. Corporation,0.0,0.05641285099924108,0.0
VOYA,"Voya Financial, Inc.",0.17620787756200207,0.05868960283329117,0.0018973081939997625
NFE,New Fortress Energy Inc.,0.13491304838629,0.03136858082469011,0.003217732139823922
FHN,First Horizon Corporation,0.2364355811081485,0.10751328105236528,0.00212485698078014
MIDD,The Middleby Corporation,0.11040377839476305,0.0,0.0017691116944051843
CFLT,"Confluent, Inc.",0.0,0.0,0.0
NNN,"NNN REIT, Inc.",0.11854567947271845,0.13635213761699974,0.0032754205646414822
FUTU,Futu Holdings Limited,0.17440196775692882,0.0,0.004675967322712253
THC,Tenet Healthcare Corporation,0.1388265315881636,0.0,0.00761807698840783
JAZZ,Jazz Pharmaceuticals plc,0.014934274361679104,0.0,0.0
UFPI,"UFP Industries, Inc.",0.16114846848306483,0.029850746268656716,0.002493421917114553
MUSA,Murphy USA Inc.,0.13918496199563898,0.00986592461421705,0.004227279574131227
W,Wayfair Inc.,0.0,0.0,0.0
OHI,"Omega Healthcare Investors, Inc",0.07456605541718556,0.21730331393878063,0.0035959118136279283
LNW,"Light & Wonder, Inc.",0.028804412900369225,0.0,0.0006602119729120794
SITE,"SiteOne Landscape Supply, Inc.",0.05309318820416353,0.0,0.0
AU,AngloGold Ashanti PLC,0.012995451437873035,0.009612952188211484,0.0
YMM,Full Truck Alliance Co. Ltd.,0.09031152714932127,0.0,0.0049676143592899185
NYT,New York Times Company (The),0.07459591468477902,0.02959777384265115,0.004929155409411545
CTLT,"Catalent, Inc.",0.0,0.0,0.0
CHKEL,Chesapeake Energy Corporation,0.0,0.0,0.00045189266107088945
RMBS,"Rambus, Inc.",0.1220852801058623,0.0,0.012063290611849842
AXTA,Axalta Coating Systems Ltd.,0.08663750560732793,0.0,0.005304130170725688
CERE,"Cerevel Therapeutics Holdings, ",0.0,0.0,0.0
FMC,FMC Corporation,0.4253124345455255,0.11156083227928154,0.012999125058890266
ONTO,Onto Innovation Inc.,0.032566060898243196,0.0,0.0013749074581518549
GPK,Graphic Packaging Holding Compa,0.19500502806900905,0.037945863900834806,0.003954862012492748
KVYO,"Klaviyo, Inc. Series A",0.0,0.0,0.0
KGC,Kinross Gold Corporation,0.1530678561724557,0.06046040981533012,0.0
GNTX,Gentex Corporation,0.11621607208918024,0.03313939033645333,0.004313812211357569
ACGLN,Arch Capital Group Ltd. - Depos,0.44867357150323695,0.14090564128509991,0.008605190035286085
QLYS,"Qualys, Inc.",0.057764011511986506,0.0,0.004618278897894693
CMA,Comerica Incorporated,0.2755304860589192,0.14444725524917781,0.00016345053698308746
GXO,"GXO Logistics, Inc.",0.0832612374484311,0.0,0.005050942084026395
